,Comment,Sentiment_Polarity,Sentiment_Label
0,in hindsight it's a very woke democrat story,0.2,Neutral
1,This dont look the bit as interesting as the show,0.5,Positive
2,"Yall do know ""they"" desperately want this to be a reality",-0.6,Negative
3,film bagus. semua agama. ini mirip kilafah tapi versi kristen. wajib semua nonton. gak akan nyesal..,0.0,Neutral
4,It's like the show without any of the actual disturbing aspects. Even the handmaid's uniform looks elegant. Why does it look like some bad lifetime romance thriller. lmfao,-0.17499999999999996,Neutral
5,Can we all admit that most films from the 80s-2000s aged TERRIBLY? The show did a MUCH better job at representing how scary and sinister this world is.ðŸ˜Š,-0.18333333333333335,Neutral
6,omg!!!,0.0,Neutral
7,"Looks good for its times, but Hulu series is a masterpiece.",0.7,Positive
8,"Pretty sure Faye Dunaway ainâ€™t having a baby in 1990, dystopia or no.",0.375,Positive
9,I kind of like how the whole think just screams it was made in the 1980s/1990s. This is such a different vision than the today TV show,0.2,Neutral
10,The start of the trailer explains a lot. The book just gives clues.,0.0,Neutral
11,Looks better than the stupid show,-0.14999999999999997,Neutral
12,RIP Natasha Richardson ðŸ™ðŸ™ðŸ™â¤ï¸,0.0,Neutral
13,DifÃ­cil conseguir la pelÃ­cula de los 90s,0.0,Neutral
14,"Wow, Harold Pinter / Volcker Schlondorff.  How did I miss it?",0.1,Neutral
15,"1984 was so bad, this probably is better and the new versions are total trash.",-0.015909090909090873,Neutral
16,This looks way better than the awful series,-0.25,Negative
17,I never knew that was a movie adaptation before the series until now.,0.0,Neutral
18,i love old movies ðŸ˜ðŸ˜ðŸ˜ðŸ˜ðŸ˜â¤,0.3,Positive
19,"This was an excellent movie for the 90s. Ahead of its time. Of course, the current one is better. But this one often gets unfairly criticized.",0.25,Positive
20,"i remember watching this on a local channel,wayback 93'.then i saw these on my fb newsfeed...i want to watch it again",0.0,Neutral
21,I'd like to watch it.  Seems pretty close to the shield on hulu,0.25,Positive
22,1:29 am i trippin or does that look like the same exact window in june's room in the show?! that would be cool if they used some of the same locations,0.165625,Neutral
23,who ened up here because of Mark and Claire Headley #blownforgood,0.0,Neutral
24,"""Republic of Giliud""",0.0,Neutral
25,Looks like a cheap soap opera to me,0.4,Positive
26,Haha this is so corny compared to the show and weird to see because Iâ€™m like whose who . Whoâ€™s the nick of this movie ? Whose commander fred and Serena?,-0.15,Neutral
27,Reminded me of that â€œWe haveâ€¦â€ so and so at home meme ðŸ˜„,0.0,Neutral
28,"The American Government watched this film and realized its Sheeple STILL wouldn't realize this is what they have been working towards for many decades. They believe it all to be Fiction. 
Maybe only outsiders can see it...",0.16666666666666666,Neutral
29,Not the DVD box cover having Natasha look all sexy like it's hot being a handmaid. ðŸ˜­I can't wait to watch this as I have a sneaking feeling it will capture almost none of the fear and dystopia of women's rights being obliterated by Gilead.,0.375,Positive
30,"think about the times... tv has changed so much with the subscription channels etc... there are more ""dark"" shows now and the type of tv that pushes the envelope so to speak could not exist in the early 90's. There is no way any movie interpretation of the book could come close to Hulu's back then.",0.12999999999999998,Neutral
31,"Even though this movie may have not been the best adaptation of The Handmaidâ€™s Tale, I do like the dreamlike quality that this seems to have.",1.0,Positive
32,I had no idea a 1990 version of The Handmaid's Tale existed!,0.0,Neutral
33,So Muslims.,0.0,Neutral
34,Itâ€™s time Boys! ðŸ˜ðŸ˜ðŸ˜,0.0,Neutral
35,Hated this film.,-0.9,Negative
36,Canâ€™t believe that is the head teacher and the dad from Wild Child!,0.125,Neutral
37,Theyâ€™re making this movie harder to find,-0.1,Neutral
38,"i was always a little skeptical when ppl say ""hollywood's been making far left garbage for years"" but now i've seen this trailer",-0.146875,Neutral
39,Great cast!,1.0,Positive
40,Leftist  garbage,-0.05,Neutral
41,"Fast Forward to 2022:  I had never heard anything about it until recently.  I don't have Hulu.
In 1985 I was a young mother of two and never went shopping for best sellers; so, never even saw it advertised.  In 1990 never saw it advertised.  I heard the name more recently, but, never paid attention at all.  I figured it must be some kind of romance novel.
Now I see on the news women rudely interrupting worship service wearing getup reminiscent of the pilgrims and I had to find out what it was about.  If I wasn't a Christian I guess I might feel like all these protesters, too.  But, I am, and I actually resent the whole thing, now that I know what it is about.
Christians would never do what is in that book and movie.  And certainly God never commanded  the Old Testament characters of Rachel and Leah to do what they did.  You see, the Holy Bible tells   what people did, warts and all.  It doesn't hide anything.  Keep that in mind if you read or see The Handmaid's Tale.  But, actually, I would not advise it.
Read God's Word instead.",0.17428571428571432,Neutral
42,Why did the trailer tell the whole story-,0.2,Neutral
43,"Whoa! Time out! (I say that if I am shocked.). I didnâ€™t know that this was a movie back in 1990. This is the first time that, I heard or seen that, there is a movie based on the book of the same name. Thatâ€™s awesome!",0.11000000000000001,Neutral
44,Much better looking handmaid than the fugly one that did the remake.,0.5,Positive
45,I did not know there was a movie of the handmaidâ€˜s tale. This series is really good it took me an entire month to finish it,0.35,Positive
46,"N. H. II- Poems of Joy 1-5 and N. H. II- Humble Poems 1-5 are on YouTube, and here is a link to one of them:
https://www.youtube.com/watch?v=JQjksOsSKXw",0.30000000000000004,Positive
47,"Man, if I had seen this trailer when it came out, I wouldâ€™ve been soooo pissed that theyâ€™d given away SO much of the plot in this trailer. Why do trailers do that so often?!? Itâ€™s infuriating lol",0.15000000000000002,Neutral
48,"I personally like this version. I caught it by chance one night in the 90s, it had already started, and I remember being very intrigued by the story, didn't know why they were all dressed in red. I didn't know what the title was until the hype went up five years ago for the news of the Hulu series, so I found out it was another version of that very weird movie I saw that night. Immediately purchased the book and at once I was sucked in and watched the series. That's why I don't dislike this first rendition, it has an important role in my love for The handmaid's tale.",0.09999999999999999,Neutral
49,I think this movie was on AMC about 10 years prior to the show. The movie was only aired once on TV. The movie made Natasha Richards more well known till she died 8 years before the show began.,0.15,Neutral
50,Eu aqui achando que era novo,0.0,Neutral
51,The lady in the thumbnail lowkey looks like Gabby Hanna lmao,0.6,Positive
52,This film was just bad ðŸ˜‚,-0.6999999999999998,Negative
53,I've seen all 4 seasons and I'd rather just have this and the book. The show drags cus of Moss.,0.0,Neutral
54,Shocked that this was actually a movie !!!,-0.35,Negative
55,Iâ€™ve never heard of this movie. It must have gone straight to video.,0.2,Neutral
56,So this is what Cora is doing when she's in America?,0.0,Neutral
57,Was this a movie or a series?,0.0,Neutral
58,"This movie is more accurate to the book IMHO, it's just so hypocrite that the racism is gone on hulu's version, also I wonder how they would manage the serie without copyingcat Lost and black mirror all the time, I like hulu's but it overhyped",0.2444444444444445,Positive
59,Lol this trailer gives away the whole story,0.5,Positive
60,"Gilead, Texas",0.0,Neutral
61,Texas brought me here,0.0,Neutral
62,This looks like a good ensemble cast in this movie.. Victoria Tennant also played the evil mom in Flowers in the Attic...,-0.15000000000000002,Neutral
63,This looks like a good ensemble cast in this movie.. Victoria Tennant also played the evil mom in Flowers in the Attic...,-0.15000000000000002,Neutral
64,Ã‰ O QUEEEEE?? ðŸ¤¯,0.0,Neutral
65,So thereâ€™s a sterility crisisâ€¦. these â€œbad guysâ€ seem pretty good,0.08333333333333337,Neutral
66,the tv show is much better,0.5,Positive
67,the morally corrupt Faye Dunanway?! from the OJ trials and housewives?! oh hell,-0.78125,Negative
68,This looks more like a soap opera,0.5,Positive
69,This looks terrible. LMAO!,-0.125,Neutral
70,Whatâ€™s terrifying is that our society is getting ever so close to this.,-1.0,Negative
71,Very apt for what is going on now..THEY produce films to let us know their plans ..FACT,0.78,Positive
72,"At least they used some good looking actors in the movie, that ugly shrew on the TV series would make it very difficult to get it up so you could get her pregnant, and she is the lead actor in the series.",-0.12333333333333334,Neutral
73,Predictive Programming.,0.0,Neutral
74,the shitty acting ruins it. no one seems exceptionally bothered that theyre under totalitarian rule lmfao,0.1722222222222222,Neutral
75,This is hilarious. Itâ€™s like Dallas ðŸ˜‚ðŸ˜‚ðŸ˜‚,0.5,Positive
76,"The Hulu take on this makes me think something like this could actually happen. Especially when June says that she was asleep before but now she is awake, and she didnâ€™t realize what was going on until it hit everyone like bricks (my words interpreted.)",0.0,Neutral
77,"The disgusting sphere booly strengthen because slice nomenclaturally talk atop a cloistered needle. private, new toothpaste",-0.2878787878787879,Negative
78,Hell of a cast damn. So many legends ðŸ™,0.5,Positive
79,I was looking for a new show to watch and I hadn't had anyone really tell me about this show.  I saw the poster and  I thought it was a period piece. And its starts with a car chase. I was confused. But 4 seasons later I'm still here. This show is awesome and I'm only just learning that there was a movie of it.,0.15606060606060604,Neutral
80,"So, THAT's what it's about...huh, go figure.",0.0,Neutral
81,"These are all great actors but after Hulu's version, the only June in my eyes is Elizabeth Moss.",0.4,Positive
82,its not a patch on the TV series,0.0,Neutral
83,Es la mama de las gemelas de Disney,0.0,Neutral
84,Wow! What a cast! Still won't watch it (I did read the book though).,0.15625,Neutral
85,"itâ€™s a damn shame that natasha richardson (offred) passed away, she was a great actress. aidan quinn (nick) was and still is so extraordinarily handsome; those eyes are dreamy.",0.65,Positive
86,"First it was The Shining mini series I found out about and now The Handmaids Tale, jeez itâ€™s like Iâ€™m going through a Mandela effect right now and I donâ€™t like it.",0.26785714285714285,Positive
87,So much better than the show,0.5,Positive
88,The only thing that bothers me here is that handmades are wearing make-up,0.0,Neutral
89,Blond actress looks so much like Timonthy Chalamet,0.2,Neutral
90,"Honestly, these scares me out more then the horror movies, because it is more realistic. Just scary.",0.25333333333333335,Positive
91,Is recent future grammatically correct ?,0.0,Neutral
92,wow this was soooooooooooo disappointing compared to the series. I'm actually very upset that i wasted my time to watch.,-0.125,Neutral
93,"She can't get pregnant by the man who protects her in terms of finance/security.
So she aims to get pregnant by another man.

Alpha fux, beta bux. Perfect female fantasy. Wrapped in all kinds of mental gymnastics.",0.3133333333333333,Positive
94,This embarrassingly bad.,-0.6999999999999998,Negative
95,This Offred is beautiful.,0.85,Positive
96,geez that looks worse than the old atar wars movies,-0.15000000000000002,Neutral
97,I had no idea that handmaids tale was based from a film,0.0,Neutral
98,"I remember when this first came out.  Critics absolutely shit on it.  I ended up renting it several yrs later after reading the book and it wasn't great, but not as awful as many would think.  It's just peak early 90's cinema.  The series is a million times better, but this was a good start.",0.16499999999999998,Neutral
99,Wow,0.1,Neutral
100,So did they understand the story or?,0.0,Neutral
101,"This looks absolutely terrible

I want to see it",-1.0,Negative
102,"The awful push lately dare because citizenship transmurally behave save a fat faulty racing. faded, next noodle",-0.43333333333333335,Negative
103,This film was so bad.,-0.6999999999999998,Negative
104,"Damn, this is like the trailers from Grindhouse. It's really hard to accept that they were still like this within my lifetime and I was just too young to remember.",-0.09583333333333334,Neutral
105,"The gleaming operation medicinally guide because vise counterintuitively waste barring a smelly catamaran. piquant, axiomatic road",-0.1,Neutral
106,Spoiler alert omg,0.0,Neutral
107,"Oh snappp!
I much find where I can watch this!",0.25,Positive
108,"I mean, I know it was a different time then but for what's it worth, I feel like though the book is quite old, it was kinda ahead of its time. Hence why the TV show is much more slappy than this, but it's still good nevertheless. And good dystopian societies have their citizens not knowing better.... until one rebel wakes up and realises. 
RIP to Natasha Richardson as well, not her best performance in my opinion, but still can't deny her talent.
Religious hypocrisy has always been one of the most long-standing issues in society,  but hey this is a satire of several things about humanity. How many parallels this genre has may be more subtle than others IRL.",0.31027777777777776,Positive
109,Elizabeth McGovern played Moria she and Fay Dunway should be in the series,0.0,Neutral
110,It blows my mind how trailers in the past have narrators. I kinda miss that sort of thing. HAHAHAH,-0.25,Negative
111,Well the good/awful people of Giliad certainly lacked the spark of their modern counterparts.,0.20714285714285713,Positive
112,Trailers used to be so awful.,-1.0,Negative
113,"This subject matter: of The Handmaid's Tale - it's dark waters - but it never seems to dance on the screen.  It's so clunky.  The directing, acting editing...  I am a filmmaker, and I know it's hard work: so I don't me to sling mud.  It's just that I wish projects like these had more flow...",-0.021666666666666678,Neutral
114,This looks more like a venezolan telenovela.,0.5,Positive
115,The Acting is so bad it feels like a 70's pornoðŸ˜‚ðŸ˜‚ðŸ˜‚,-0.3499999999999999,Negative
116,looks porn kkkkkkkk,0.0,Neutral
117,The show and trailer along with the photo give me nothing but make gaze vibes,0.0,Neutral
118,Wow lol I didnâ€™t even know a movie with made ... this looks like the Disney version or the lifetime version of the show lol,0.5666666666666668,Positive
119,a lot of big stars but i never heard of it,0.0,Neutral
120,This doesn't look entertaining at ALL. No wonder I don't remember it growing up. The acting in this looks like a dry run in a high school theater production. Now the show is the best show on TV right now. Bless the early 90's... I mean- they tried lol,0.2740608465608465,Positive
121,"Holy shit, young Cora Crawley",-0.05,Neutral
122,RIP Natasha Richardson,0.0,Neutral
123,The acting is TRASH!,0.0,Neutral
124,"This looks nowhere near as terrifying as the new HULU show, so glad they remade it. However, im still interested in watching.",-0.0027272727272727336,Neutral
125,The red outfit looks so much better in this one with the red veil,0.16666666666666666,Neutral
126,Going to look for this on Prime. LOL,0.8,Positive
127,"Ick. So glad they remade it.

""We get out together baby"" ðŸ˜

Ugh, vom.",0.5,Positive
128,Omg Natasha Richardson i didn't know she was playing here ðŸ’”,0.0,Neutral
129,"The successful motorboat extremely box because sister bacteriologically kick unlike a goofy slipper. ruthless, whimsical geology",-0.075,Neutral
130,Aaaah! The good old times where the video was the highest form of communication!,0.4125,Positive
131,"Oh God, they really took Hollywood liberties with this one",0.2,Neutral
132,"This trailer went over 2 seasons at least of the show, they need to stop dragging stuff out ðŸ˜¹",-0.3,Negative
133,The Show is darker!,0.0,Neutral
134,Let's all remember that this movie came out in the 90's. Times were different. They were only allowed to show so much back then compared to today's time. I think it still looks intriguing to watch.,0.07500000000000001,Neutral
135,Whatâ€™s sad is that this story is a happier one than whatâ€™s going on in some places of the world today.,-0.5,Negative
136,"This looks nothing like the newest one, I never understood how they enslaved the women who can have babies and not the ones who canâ€™t... literally treat those ladies like crap!",-1.0,Negative
137,""" once upon a time in the recent future""  does that even make sense ?",0.0,Neutral
138,It Cora from Downton Abbey.,0.0,Neutral
139,before the sjws took over and made it about #orangemanbad,0.0,Neutral
140,Is this girl from episode of Miami Vice?,0.0,Neutral
141,"I want to like the miniseries, but only about a quarter of each episode I watched was interesting.",0.25,Positive
142,I remember this film being much more affecting than the trailer would make it seem. Haven't seen it since i was in my early teens though. I read the book a few years after seeing the film. The series is great because it's been so cleverly updated to reflect our society and make the fears truly relevant to a modern audience.,0.28095238095238095,Positive
143,"Back when the handmaids tale was a reaction to the Iranian islamic revolution, before it was twisted into a pro abortion attack on Donald Trump.",-0.25,Negative
144,too much chatting for handmaids,0.2,Neutral
145,"this is not a trailer, this is a whole ass movie",0.2,Neutral
146,Itâ€™s weird how crappy this is. Like they didnâ€™t even try to make it a scary world for women. Itâ€™s just the cool new thing everyone is doing now.,-0.12840909090909092,Neutral
147,So stupid,-0.7999999999999999,Negative
148,Hahahahahhaaa,0.0,Neutral
149,"Crazy awesome cast
Seriously odd trailer, though.

The Hulu/Elizabeth Moss incarnation is 1000% superior.",0.23333333333333334,Positive
150,"The abundant biology unlikely stop because bamboo eventually number plus a successful wealth. depressed, juicy feet",0.2833333333333333,Positive
151,"Now we know it's not the women with fertility problems, eh ?",0.0,Neutral
152,"""Once upon a time in the recent future""
What the FUCK is the ""recent future""?",-0.08,Neutral
153,Starring Natasha Richardson and the sound mic.,0.4,Positive
154,"The show was at lot darker and more frightening. I havenâ€™t even seen the movie but from this trailer, it comes off as a romance",0.0,Neutral
155,I really liked the original film with the late Natasha Richardson. Such a shame that she's gone. ðŸ˜¥ðŸ™,0.16875,Neutral
156,Faye Dunaway there would make me want to try the theory that we need a handmaid.,0.0,Neutral
157,This looks like shit after seeing the tv series.,-0.2,Neutral
158,Natasha was maybe too beautiful for the part. Elisabeth Moss is just homely enough.,0.425,Positive
159,"I had no idea about this movie. The cast is amazing, but It looks weird.",0.050000000000000044,Neutral
160,They should make this into a show,0.0,Neutral
161,Burdaki oyuncular 2017 versiyonuna gÃ¶re daha iyi seÃ§ilmiÅŸðŸ˜ðŸ˜,0.0,Neutral
162,I was today years old when finding out thereâ€™s a movie ðŸ¤¯,0.1,Neutral
163,Aiden!,0.0,Neutral
164,Natasha!,0.0,Neutral
165,The old and new one are still just as horrific. Let's hope this never happens like it did in the movie/show-,-0.2545454545454546,Negative
166,"No sabÃ­a de esta pelÃ­cula, hasta hoy que me la ha recomendado YouTube",0.0,Neutral
167,Wow I did not know this existed ðŸ˜…,0.1,Neutral
168,Not even one POC was in the trailer lmao,0.6,Positive
169,This looks like it would have been pretty good back in the day.,0.31666666666666665,Positive
170,trump !!!!!!!!!,0.0,Neutral
171,They was a movie?????,0.0,Neutral
172,Too creepy. Definitely canâ€™t handle this one,-0.25,Negative
173,It's incredible how this movie from 1990 looks like 1980,0.9,Positive
174,This had some big names! Cheesy AF though. ðŸ˜„,-0.25,Negative
175,"Or, from the Commander's pov: the Handmaid's Tail.",0.0,Neutral
176,RIP Natasha Richardson !,0.0,Neutral
177,This looks very funny,0.325,Positive
178,Wow this seems way less tedious than the constant close ups of Elizabeth Moss' ugly mug.,-0.2533333333333333,Negative
179,This looks awful.,-1.0,Negative
180,Is this meant to be a horrific dystopian or a soap opera?,-1.0,Negative
181,Iâ€™ve never seen the movie but the series is both amazing and hard to watch all at the same time.,0.1027777777777778,Neutral
182,Some serious actors in this.,-0.3333333333333333,Negative
183,"It was very good for it's time. People so critical of a movie made 30 something years ago compared to a massive budget Hulu series . Of course it's dated now but the fact that someone took it on 30 years ago when ""dystopia"" wasn't the buzzword and plot of basically every movie was brave back then. And the cast was great.",0.4183333333333333,Positive
184,Debrow alert! ðŸš¨,0.0,Neutral
185,I love this show. Hulu did a great job. I had no idea it has been on 30 years. I just recently heard of this Hulu,0.43333333333333335,Positive
186,"Once upon a time in the near future 

My brain melted out of my ears when I heard that",0.05,Neutral
187,Ooh! Aiden Quinn!,0.0,Neutral
188,The 80s are strong with this one....,0.4333333333333333,Positive
189,This was just so bad,-0.6999999999999998,Negative
190,And then she gave birth to two Lindsay Lohans,0.0,Neutral
191,"I may be in the minority here, but I actually did like the movie.",0.0,Neutral
192,Thank god they took another shot at that ðŸ˜„,0.0,Neutral
193,"I tought it was good but could have been better, it had great aesthetic, decent cast and good budget, but the wrong directors.",0.3944444444444444,Positive
194,Praised be that Hulu made the show,0.0,Neutral
195,This is still my favorite adaptation of the book.,0.5,Positive
196,"Great book. Terrible movie.
Too many ""pretty"" people with poorly written lines to read.
And WHY have a man reading the preview dialog? Shouldn't it be a woman's voice, as the entire story is told from a woman's perspective?
I vaguely remember the movie; it wasn't particularly gripping after the producers were done with it, although the concept scared the crap out of me.
Hulu's Handmaid's Tale is the best thing on television! I'll pass on watching the Robert Duvall and Faye Dunnaway version again.",0.034999999999999996,Neutral
197,"The really soft lighting/filter/filmstock they used, plus the hairstyles and clothing of the era really make this look like a 1980s CBS TV Movie of the Week.",0.15000000000000002,Neutral
198,Idk but the  movieâ€™s got a Spanish Telenovela vibe ðŸ˜…,0.0,Neutral
199,Why am I just now realizing this is the mom from the parent trapðŸ¤­,0.0,Neutral
200,This looks like a parody of the Hulu show lol. Not as terrifying.,-0.09999999999999998,Neutral
201,What!!! There's a movie!,0.0,Neutral
202,A different tone all together!,0.0,Neutral
203,"The Handmaid's Tale (1990) f'u""l'l M'0'V'l""e
â€”â€”â€”â€”â€”â€”â€”â€”â€”â€”â€”â€”â€”â€”â€”â€”â€”â€”â€”â€”
â˜› hereforwatch.blogspot.com/tt0099731/





âˆšâ„¢ Lorsqu'une pilule qui donne aux utilisateurs cinq minutes de super pouvoirs inattendus arrive dans les rues de
 la Nouvelle-OrlÃ©ans, un adolescent marchand et un policier local doivent faire Ã©quipe avec un ancien soldat pour
 âˆšfaire tomber le groupe responsable de sa fabrication. âˆšâ„¢ ÐšÐ¾Ð³Ð´Ð° Ñ‚Ð°Ð±Ð»ÐµÑ‚ÐºÐ°, Ð´Ð°ÑŽÑ‰Ð°Ñ Ð¿Ð¾Ð»ÑŒÐ·Ð¾Ð²Ð°Ñ‚ÐµÐ»ÑÐ¼ Ð¿ÑÑ‚ÑŒ Ð¼Ð¸Ð½ÑƒÑ‚
 âˆšÐ½ÐµÐ¾Ð¶Ð¸Ð´Ð°Ð½Ð½Ñ‹Ñ… ÑÐ²ÐµÑ€Ñ…ÑÐ¿Ð¾ÑÐ¾Ð±Ð½Ð¾ÑÑ‚ÐµÐ¹, Ð¿Ð¾Ð¿Ð°Ð´Ð°ÐµÑ‚ Ð½Ð° ÑƒÐ»Ð¸Ñ†Ñ‹ ÐÐ¾Ð²Ð¾Ð³Ð¾ ÐžÑ€Ð»ÐµÐ°Ð½Ð°, Ñ‚Ð¾Ñ€Ð³Ð¾Ð²ÐµÑ†-Ð¿Ð¾Ð´Ñ€Ð¾ÑÑ‚Ð¾Ðº Ð¸ Ð¼ÐµÑÑ‚Ð½Ñ‹Ð¹ Ð¿Ð¾Ð»Ð¸Ñ†ÐµÐ¹ÑÐºÐ¸Ð¹
 âˆšâ„¢Ð´Ð¾Ð»Ð¶Ð½Ñ‹ Ð¾Ð±ÑŠÐµÐ´Ð¸Ð½Ð¸Ñ‚ÑŒÑÑ Ñ Ð±Ñ‹Ð²ÑˆÐ¸Ð¼ ÑÐ¾Ð»Ð´Ð°Ñ‚Ð¾Ð¼, Ñ‡Ñ‚Ð¾Ð±Ñ‹ ÑƒÐ½Ð¸Ñ‡Ñ‚Ð¾Ð¶Ð¸Ñ‚ÑŒ Ð³Ñ€ÑƒÐ¿Ð¿Ñƒ, âˆšâ„¢Ð¾Ñ‚Ð²ÐµÑ‚ÑÑ‚Ð²ÐµÐ½Ð½ÑƒÑŽ Ð·Ð° ÐµÐµ ÑÐ¾Ð·Ð´Ð°Ð½Ð¸Ðµ""""""**""
 åœ¨æ•´å€‹äººé¡žæ­·å²ä¸Šï¼Œå¼·è€…ï¼Œå¯Œäººå’Œå…·æœ‰ç‹¡çŒ¾ç‰¹è³ªçš„äººæ•é£Ÿéƒ¨è½ï¼Œæ°æ—ï¼ŒåŸŽéŽ®ï¼ŒåŸŽå¸‚å’Œé„‰æ‘ä¸­çš„å¼±è€…ï¼Œç„¡`'å®ˆå’Œè²§çª®æˆå“¡ã€‚ç„¶è€Œï¼Œäººé¡žçš„
ç”Ÿå­˜æ„é¡˜è¿«ä½¿é‚£äº›è¢«æ‹’çµ•ï¼Œè¢«å‰å¥ªæˆ–æ‘§æ¯€çš„åŸºæœ¬éœ€æ±‚çš„äººå€‘æ‰¾åˆ°äº†ä¸€ç¨®ç”Ÿæ´»æ–¹å¼ï¼Œä¸¦ç¹¼çºŒå°‡å…¶Aèžå…¥ä¸æ–·ç™¼å±•çš„äººé¡žç¤¾æœƒã€‚
èªªåˆ°é£Ÿç‰©ï¼Œä¸è¦ä»¥ç‚ºé‚£äº›è¢«æ‹’çµ•çš„äººåªåƒåžƒåœ¾ã€‚ç›¸åï¼Œä»–å€‘å­¸æœƒäº†åœ¨è¢«å¿½è¦–çš„è‚‰é¡žå’Œè”¬èœä¸­å°‹æ‰¾ç‡Ÿé¤Šã€‚ä»–å€‘å­¸æœƒäº†æ¸…æ½”ï¼Œåˆ‡å¡Šï¼Œèª¿å‘³å’Œ
æ…¢ç‡‰æ…¢ç‡‰çš„é‡Žèœå’Œè‚‰é¡žï¼Œåœ¨é£Ÿå“å¸‚å ´ä¸Šè¢«å¿½ç•¥çš„éƒ¨åˆ†å®¶ç”¨è”¬èœå’Œè‚‰é¡žï¼Œä¸¦ä¸”å­¸æœƒäº†ä½¿ç”¨èŠ³é¦™çš„æœ¨ç…™ï¼ˆå¦‚å±±æ ¸æ¡ƒï¼Œå±±æ ¸æ¡ƒå’Œè±†ç§‘çŒæœ¨ï¼‰ä¾†èª¿å‘³é£Ÿç‰©ç…®çš„æ™‚å€™""""""""""""""'""""""",0.16666666666666666,Neutral
204,"The Handmaid's Tale (1990) Ûž FÃºll MÃ¶VÃ­Ã© Ûž
â€”â€”â€”â€”â€”â€”â€”â€”â€”â€”â€”â€”â€”â€”â€”â€”â€”â€”â€”â€”
âˆš playonmegamovie.blogspot.com/tt0099731/XuXF



åœ¨æ•´å€‹äººé¡žæ­·å²ä¸Šï¼Œå¼·è€…ï¼Œå¯Œäººå’Œå…·æœ‰ç‹¡çŒ¾ç‰¹è³ªçš„äººæ•é£Ÿéƒ¨è½ï¼Œæ°æ—ï¼ŒåŸŽéŽ®ï¼ŒåŸŽå¸‚å’Œé„‰æ‘ä¸­çš„å¼±è€…ï¼Œç„¡`'å®ˆå’Œè²§çª®æˆå“¡ã€‚ç„¶è€Œï¼Œäººé¡žçš„
ç”Ÿå­˜æ„é¡˜è¿«ä½¿é‚£äº›è¢«æ‹’çµ•ï¼Œè¢«å‰å¥ªæˆ–æ‘§æ¯€çš„åŸºæœ¬éœ€æ±‚çš„äººå€‘æ‰¾åˆ°äº†ä¸€ç¨®ç”Ÿæ´»æ–¹å¼ï¼Œä¸¦ç¹¼çºŒå°‡å…¶Aèžå…¥ä¸æ–·ç™¼å±•çš„äººé¡žç¤¾æœƒã€‚
èªªåˆ°é£Ÿç‰©ï¼Œä¸è¦ä»¥ç‚ºé‚£äº›è¢«æ‹’çµ•çš„äººåªåƒåžƒåœ¾ã€‚ç›¸åï¼Œä»–å€‘å­¸æœƒäº†åœ¨è¢«å¿½è¦–çš„è‚‰é¡žå’Œè”¬èœä¸­å°‹æ‰¾ç‡Ÿé¤Šã€‚ä»–å€‘å­¸æœƒäº†æ¸…æ½”ï¼Œåˆ‡å¡Šï¼Œèª¿å‘³å’Œ
æ…¢ç‡‰æ…¢ç‡‰çš„é‡Žèœå’Œè‚‰é¡žï¼Œåœ¨é£Ÿå“å¸‚å ´ä¸Šè¢«å¿½ç•¥çš„éƒ¨åˆ†å®¶ç”¨è”¬èœå’Œè‚‰é¡žï¼Œä¸¦ä¸”å­¸æœƒäº†ä½¿ç”¨èŠ³é¦™çš„æœ¨ç…™ï¼ˆå¦‚å±±æ ¸æ¡ƒï¼Œå±±æ ¸æ¡ƒå’Œè±†ç§‘çŒæœ¨ï¼‰ä¾†èª¿å‘³é£Ÿç‰©ç…®çš„æ™‚å€™:
âˆšâ„¢ Lorsqu'une pilule qui donne aux utilisateurs cinq minutes de super pouvoirs inattendus arrive dans les rues de
 la Nouvelle-OrlÃ©ans, un adolescent marchand et un policier local doivent faire Ã©quipe avec un ancien soldat pour
 â€”faire tomber le groupe responsable de sa fabrication. âˆšâ„¢ ÐšÐ¾Ð³Ð´Ð° Ñ‚Ð°Ð±Ð»ÐµÑ‚ÐºÐ°, Ð´Ð°ÑŽÑ‰Ð°Ñ Ð¿Ð¾Ð»ÑŒÐ·Ð¾Ð²Ð°Ñ‚ÐµÐ»ÑÐ¼ Ð¿ÑÑ‚ÑŒ Ð¼Ð¸Ð½ÑƒÑ‚
 Ð½ÐµÐ¾Ð¶Ð¸Ð´Ð°Ð½Ð½Ñ‹Ñ… ÑÐ²ÐµÑ€Ñ…ÑÐ¿Ð¾ÑÐ¾Ð±Ð½Ð¾ÑÑ‚ÐµÐ¹, Ð¿Ð¾Ð¿Ð°Ð´Ð°ÐµÑ‚ Ð½Ð° ÑƒÐ»Ð¸Ñ†Ñ‹ ÐÐ¾Ð²Ð¾Ð³Ð¾ ÐžÑ€Ð»ÐµÐ°Ð½Ð°, Ñ‚Ð¾Ñ€Ð³Ð¾Ð²ÐµÑ†-Ð¿Ð¾Ð´Ñ€Ð¾ÑÑ‚Ð¾Ðº Ð¸ Ð¼ÐµÑÑ‚Ð½Ñ‹Ð¹ â€”Ð¿Ð¾Ð»Ð¸Ñ†ÐµÐ¹ÑÐºÐ¸Ð¹
 Ð´Ð¾Ð»Ð¶Ð½Ñ‹ Ð¾Ð±ÑŠÐµÐ´Ð¸Ð½Ð¸Ñ‚ÑŒÑÑ Ñ Ð±Ñ‹Ð²ÑˆÐ¸Ð¼ ÑÐ¾Ð»Ð´Ð°Ñ‚Ð¾Ð¼, Ñ‡Ñ‚Ð¾Ð±Ñ‹ ÑƒÐ½Ð¸Ñ‡Ñ‚Ð¾Ð¶Ð¸Ñ‚ÑŒ Ð³Ñ€ÑƒÐ¿Ð¿Ñƒ, Ð¾Ñ‚Ð²ÐµÑ‚ÑÑ‚Ð²ÐµÐ½Ð½ÑƒÑŽ Ð·Ð° ÐµÐµ ÑÐ¾Ð·Ð´Ð°Ð½Ð¸Ðµ.11-",0.16666666666666666,Neutral
205,"The Handmaid's Tale (1990) âˆšFÃºll MÃ¶VlÃ©âˆš
âž£ thebestmovieherenow.blogspot.com/tt0099731/
-All Subtitle Available



åœ¨æ•´å€‹äººé¡žæ­·å²ä¸Šï¼Œå¼·è€…ï¼Œå¯Œäººå’Œå…·æœ‰ç‹¡çŒ¾ç‰¹è³ªçš„äººæ•é£Ÿéƒ¨è½ï¼Œæ°æ—ï¼ŒåŸŽéŽ®ï¼ŒåŸŽå¸‚å’Œé„‰æ‘ä¸­çš„å¼±è€…ï¼Œç„¡`'å®ˆå’Œè²§çª®æˆå“¡ã€‚ç„¶è€Œï¼Œäººé¡žçš„
ç”Ÿå­˜æ„é¡˜è¿«ä½¿é‚£äº›è¢«æ‹’çµ•ï¼Œè¢«å‰å¥ªæˆ–æ‘§æ¯€çš„åŸºæœ¬éœ€æ±‚çš„äººå€‘æ‰¾åˆ°äº†ä¸€ç¨®ç”Ÿæ´»æ–¹å¼ï¼Œä¸¦ç¹¼çºŒå°‡å…¶Aèžå…¥ä¸æ–·ç™¼å±•çš„äººé¡žç¤¾æœƒã€‚
èªªåˆ°é£Ÿç‰©ï¼Œä¸è¦ä»¥ç‚ºé‚£äº›è¢«æ‹’çµ•çš„äººåªåƒåžƒåœ¾ã€‚ç›¸åï¼Œä»–å€‘å­¸æœƒäº†åœ¨è¢«å¿½è¦–çš„è‚‰é¡žå’Œè”¬èœä¸­å°‹æ‰¾ç‡Ÿé¤Šã€‚ä»–å€‘å­¸æœƒäº†æ¸…æ½”ï¼Œåˆ‡å¡Šï¼Œèª¿å‘³å’Œ
æ…¢ç‡‰æ…¢ç‡‰çš„é‡Žèœå’Œè‚‰é¡žï¼Œåœ¨é£Ÿå“å¸‚å ´ä¸Šè¢«å¿½ç•¥çš„éƒ¨åˆ†å®¶ç”¨è”¬èœå’Œè‚‰é¡žï¼Œä¸¦ä¸”å­¸æœƒäº†ä½¿ç”¨èŠ³é¦™çš„æœ¨ç…™ï¼ˆå¦‚å±±æ ¸æ¡ƒï¼Œå±±æ ¸æ¡ƒå’Œè±†ç§‘çŒæœ¨ï¼‰ä¾†èª¿å‘³é£Ÿç‰©ç…®çš„æ™‚å€™:""""""""""`
âˆšâ„¢ Lorsqu'une pilule qui donne aux utilisateurs cinq minutes de super pouvoirs inattendus arrive dans les rues de
 la Nouvelle-OrlÃ©ans, un adolescent marchand et un policier local doivent faire Ã©quipe avec un ancien soldat pour
âˆšâ„¢ faire tomber le groupe responsable de sa fabrication. âˆšâ„¢ ÐšÐ¾Ð³Ð´Ð° Ñ‚Ð°Ð±Ð»ÐµÑ‚ÐºÐ°, Ð´Ð°ÑŽÑ‰Ð°Ñ Ð¿Ð¾Ð»ÑŒÐ·Ð¾Ð²Ð°Ñ‚ÐµÐ»ÑÐ¼ Ð¿ÑÑ‚ÑŒ Ð¼Ð¸Ð½ÑƒÑ‚
 Ð½ÐµÐ¾Ð¶Ð¸Ð´Ð°Ð½Ð½Ñ‹Ñ… ÑÐ²ÐµÑ€Ñ…ÑÐ¿Ð¾ÑÐ¾Ð±Ð½Ð¾ÑÑ‚ÐµÐ¹, Ð¿Ð¾Ð¿Ð°Ð´Ð°ÐµÑ‚ Ð½Ð° ÑƒÐ»Ð¸Ñ†Ñ‹ ÐÐ¾Ð²Ð¾Ð³Ð¾ ÐžÑ€Ð»ÐµÐ°Ð½Ð°, Ñ‚Ð¾Ñ€Ð³Ð¾Ð²ÐµÑ†-Ð¿Ð¾Ð´Ñ€Ð¾ÑÑ‚Ð¾Ðº Ð¸ Ð¼ÐµÑÑ‚Ð½Ñ‹Ð¹ Ð¿Ð¾Ð»Ð¸Ñ†ÐµÐ¹ÑÐºÐ¸Ð¹
 Ð´Ð¾Ð»Ð¶Ð½Ñ‹ Ð¾Ð±ÑŠÐµÐ´Ð¸Ð½Ð¸Ñ‚ÑŒÑÑ Ñ Ð±Ñ‹Ð²ÑˆÐ¸Ð¼ ÑÐ¾Ð»Ð´Ð°Ñ‚Ð¾Ð¼â€”, Ñ‡Ñ‚Ð¾Ð±Ñ‹ ÑƒÐ½Ð¸Ñ‡Ñ‚Ð¾Ð¶Ð¸Ñ‚ÑŒ Ð³Ñ€ÑƒÐ¿Ð¿Ñƒ, Ð¾Ñ‚Ð²ÐµÑ‚ÑÑ‚Ð²ÐµÐ½Ð½ÑƒÑŽ Ð·Ð° ÐµÐµ ÑÐ¾Ð·Ð´Ð°Ð½Ð¸Ðµ. """"""thanks""""""ðž",0.23333333333333334,Positive
206,"The Handmaid's Tale (1990) f'u""l'l M'o'V'l""e
âˆš nowseeherethemovie.blogspot.com/tt0099731/YAGm
Subtitle Available




âˆšâ„¢ Lorsqu'une pilule qui donne aux utilisateurs cinq minutes de super pouvoirs inattendus arrive dans les rues de
la Nouvelle-OrlÃ©ans, un adolescent marchand et un policier local doivent faire Ã©quipe avec un ancien soldat pour
åœ¨æ•´å€‹äººé¡žæ­·å²ä¸Šï¼Œå¼·è€…ï¼Œå¯Œäººå’Œå…·æœ‰ç‹¡çŒ¾ç‰¹è³ªçš„äººæ•é£Ÿéƒ¨è½ï¼Œæ°æ—ï¼ŒåŸŽéŽ®ï¼ŒåŸŽå¸‚å’Œé„‰æ‘ä¸­çš„å¼±è€…ï¼Œç„¡`'å®ˆå’Œè²§çª®æˆå“¡ã€‚ç„¶è€Œï¼Œäººé¡žçš„
ç”Ÿå­˜æ„é¡˜è¿«ä½¿é‚£äº›è¢«æ‹’çµ•ï¼Œè¢«å‰å¥ªæˆ–æ‘§æ¯€çš„åŸºæœ¬éœ€æ±‚çš„äººå€‘æ‰¾åˆ°äº†ä¸€ç¨®ç”Ÿæ´»æ–¹å¼ï¼Œä¸¦ç¹¼çºŒå°‡å…¶Aèžå…¥ä¸æ–·ç™¼å±•çš„äººé¡žç¤¾æœƒã€‚
èªªåˆ°é£Ÿç‰©ï¼Œä¸è¦ä»¥ç‚ºé‚£äº›è¢«æ‹’çµ•çš„äººåªåƒåžƒåœ¾ã€‚ç›¸åï¼Œä»–å€‘å­¸æœƒäº†åœ¨è¢«å¿½è¦–çš„è‚‰é¡žå’Œè”¬èœä¸­å°‹æ‰¾ç‡Ÿé¤Šã€‚ä»–å€‘å­¸æœƒäº†æ¸…æ½”ï¼Œåˆ‡å¡Šï¼Œèª¿å‘³å’Œ
æ…¢ç‡‰æ…¢ç‡‰çš„é‡Žèœå’Œè‚‰é¡žï¼Œåœ¨é£Ÿå“å¸‚å ´ä¸Šè¢«å¿½ç•¥çš„éƒ¨åˆ†å®¶ç”¨è”¬èœå’Œè‚‰é¡žï¼Œä¸¦ä¸”å­¸æœƒäº†ä½¿ç”¨èŠ³é¦™çš„æœ¨ç…™ï¼ˆå¦‚å±±æ ¸æ¡ƒï¼Œå±±æ ¸æ¡ƒå’Œè±†ç§‘çŒæœ¨ï¼‰ä¾†èª¿å‘³é£Ÿç‰©ç…®çš„æ™‚å€™:
faire tomber le groupe responsable de sa fabrication de santes la. âˆšâ„¢best regard.",0.24444444444444446,Positive
207,The cast in this are phenomenal!,0.625,Positive
208,Lol I forgot about the narrator voice and most old movies,0.46666666666666673,Positive
209,"I was 16 when the book 1st came out, & the story has stayed w/ me since then. I remember watching this version of ""The Handmaid's Tale"" & feeling very disappointed, so much so that I forgot I watched it till I saw this video. Every time I watch media created in the 70's & 80's I find it hard to believe we were satisfied w/ the junk they put out - it's terrible. It's like they grabbed people off the street, handed them a script, & started filming. I love how far we've come in how we use movies/TV to tell stories. The attention to detail (sets, clothing, props, music, etc.), showing the destruction/transformation of the world we live in now, how dedicated the actors are to finding the real & complicated feelings of the characters - all of it is has reached the level of true art.",-0.12303030303030305,Neutral
210,Just jumped in here after knowing they filmed this at Michael Peterson's mansion after watching The Staircase in Netflix.ðŸ‘ŒðŸ½,0.0,Neutral
211,Ofred on here eventually escapes here and had twins - parent trap ðŸ˜‚,0.0,Neutral
212,"This is why talented writers, directors and producers make all the difference. Same exact story, vastly different outcome.",0.2375,Positive
213,Yeah the original was weak compared to the TV reboot but it still gave you some thought.,0.0,Neutral
214,Didn't know there was a movie of it... I need to watch it,0.0,Neutral
215,Looks stupid,-0.7999999999999999,Negative
216,â¤ðŸŒðŸ™â¤,0.0,Neutral
217,This movie was utter shit. The show actually did the book justice.,-0.06666666666666667,Neutral
218,Eesh the acting. :/,-0.125,Neutral
219,That was a good season 1 recap,0.7,Positive
220,"BuscÃ³ esta pelÃ­cula en espaÃ±ol, alguien sabe donde la puedo conseguir?",0.0,Neutral
221,Wow the tv show matches the movie perfectly,0.55,Positive
222,I do think that making the commander an old guy was a much better casting choice than the steamy bloke they cast in the Hulu series as it reinforces how wrong the situation is.,0.033333333333333326,Neutral
223,"â€œOnce upon a time in the recent future...â€

Wat",0.0,Neutral
224,"Crazy shenanigans similar to the Handmaid's Tale really happen in real life, but never in countries where White people are in charge. Just study what goes on in Africa, East Asia, and the Middle East, and you'll find real-life similarities.",-0.033333333333333326,Neutral
225,"Prime wants 10 dollars to rent it, when did we have to start paying so much for 30 year old movies?",0.16666666666666666,Neutral
226,Please read important my church going family is part of this regime.. here in America Medford oregon it's the hub they are names Mitchel like me mayou my other name they go by the last names also glassford and yes guess what Waterford yes im in danger my bank card was stolen and they ask demand money from me yet wouldn't tell me what name my foreign bank account is under these people are callous cruel and follow various churches play mind games well its the fellowship church groups the fellowship church...Applegate or applewhite all crazy they are in collusion with CPM a property management company here in Medford to control people i lost my home my possessions are some lost got my federally subsidized housing taken these people are cruel and callous yes this is why Margaret Atwood is a godsend yes our government has gone wrong very wrong and these churches shouldn't be allowed to use our United states constitution to control us its not right yes wrongly indeed CPM real estate Oregon business owners are colluding to use people to control and via these criminal organizations they have installed an authoritarian system here this is true,-0.2728571428571429,Negative
227,It makes sense that I saw a Trump ad before watching this video.,0.0,Neutral
228,this is comical compared to the series,0.5,Positive
229,"I remember around 4th grade which was 1989-ish, I met an old man at the tennis courts in our apartments in North Carolina. He told me his daughter or step daughter, something like that, was in a movie. I totally didnâ€™t care and thought he might be full of shit. He told me the movie was called â€œa handmaidens taleâ€. He was adamant about me remembering the name. So I remembered it but never saw or heard about it. Iâ€™ve thought about it my whole life. This has to be it. It looks interesting. I would really like to see it. Iâ€™ll have to look it up.",0.15625,Neutral
230,"I donâ€™t like the way they make this look like a typical husky 80s sex thriller like 9-1/2 weeks. The handmaids tale is about RAPE and a million types of oppression against women and children.  Thank god for the Hulu series. I mean, was Atwood consulted at all about this movie?",-0.23958333333333331,Negative
231,Swear this trailer basically told the entire plot of the movie from start to finish,0.0,Neutral
232,Suban esta pelÃ­cula en espaÃ±ol,0.0,Neutral
233,I love how they all act like they've been loaded up on xanax. Zero emotion. Just flat. Meh. Yvonne and Elisabeth here to show 'em how it's done.,0.2375,Positive
234,wow I didn't know this existed I've been watching the handmaid's TV show ðŸ¤·â€â™€ï¸,0.1,Neutral
235,Serina is way less scary in this version,-0.3333333333333333,Negative
236,"Ohhh shoot, i never knew this particular movie existed",0.16666666666666666,Neutral
237,I read somewhere that the director of this movie never read the book,0.0,Neutral
238,Wow.  I imagined that the whole concept was Trumps plan. I never imagined it dated back this far.  We are SOOOOOO screwed!,0.10625000000000001,Neutral
239,the show is so much better!,0.625,Positive
240,1:18 Acting and direction straight out of the 80's.,0.1,Neutral
241,I did not know about it . Also it is nothing in front of the show.,0.0,Neutral
242,Fuck it feels so weird. The guy who plays Nick made me laugh out loud. How have I never heard of this when Robert freaking Duvall is in it,-0.12500000000000003,Neutral
243,"RIP Natasha Richardson. She would have been so proud of the series, and she was a wonderful actress. Faye Dunaway is such a legend. She should have a guest role in the series.",0.6,Positive
244,"I'm confused, is the girl on the bus guilty of lesbianism or trying to change her gender?",-0.45,Negative
245,"Personally, I think that what Margaret Atwood did with her novel of ""The Handmaid's Tale"" has shown about what the important issues were at the time. I really have been impressed with Atwood's vision of a nightmarish world according to her landmark bestselling novel.",0.4,Positive
246,add a few boob shots and this could be the 90s softcore porn version of the Hulu show,-0.2,Neutral
247,"Before there was this, there was that!",0.0,Neutral
248,Yes people there was a book then a movie (because the book was so epic) 20 years ago. I remember seeing the book in my house growing up.  But yes the series is on another level entirely!!! But they forgot the butter...(read the book or see this movie to understand),0.05,Neutral
249,The trailer voice is Darth Vader.,0.0,Neutral
250,"""The Staircase""
A women was murdered in the house they used in this movie 11 years later.",0.0,Neutral
251,"Michael Peterson, the 2 time killer brought me here",0.0,Neutral
252,The handmaids need their â€œwingsâ€ like in the book.,0.0,Neutral
253,Caraca sÃ³ fiquei sabendo agora kkk,0.0,Neutral
254,This is a bed time story compared to the show,0.0,Neutral
255,The show is WAY more frightening than the movie.,0.0,Neutral
256,I never knew they did a 90s version of it. It doesn't look familiar at all but it doesn't look like it holds a candle to the show. It's a little slow but I encourage people to check it out.,-0.03750000000000001,Neutral
257,I need to see that movie!,0.0,Neutral
258,"Well this seems like the 80s PG version of the current show, lol.",0.4,Positive
259,I saw this after I read the book. It's awful. Hulu's version is much better.,-0.25,Negative
260,"Yeah I'll pass...June's hair is too styled, Serena looks too kind, the commander offers too much info and everyone else is like ""yeah this is totally normal"" Elizabeth Moss version 100% better ðŸ˜”",0.30999999999999994,Positive
261,*_those uniforms make me N U T_*,0.0,Neutral
262,lol what a shit premise,0.30000000000000004,Positive
263,Oddly that no one had any guns to fight back with. Hmmm,-0.08333333333333333,Neutral
264,Natasha Richardson was a beautiful woman... RIP,0.85,Positive
265,"Okay this comment is for French people and/or foreigners who know French history, but gosh Fred looks like FranÃ§ois Mitterrand",0.16666666666666666,Neutral
266,this is so shit lmaooo,-0.2,Neutral
267,I had NO IDEA there was a movie from the 90s,0.0,Neutral
268,San amant,0.0,Neutral
269,1990? More like 1977,0.5,Positive
270,"I always hear Gilead medical ads on the radio,  they even have stocks.",0.0,Neutral
271,This is so 90s lol the new one is way better.,0.4787878787878788,Positive
272,oh wow. Robert Duvall as the Commander. that must be interesting,0.3,Positive
273,Everyone is pumped full of vaccines and our birth rates are going down...hmm.,0.35,Positive
274,I didnt know the story was this old?,0.1,Neutral
275,"I didn't know this was a movie,  but it looks very close to the book.",0.2,Neutral
276,Just felt what is living under a rock for 30 years.,0.0,Neutral
277,so no one is gonna talk about how both the parents from parent trap also play lovers in this movie?,0.0,Neutral
278,This looks horrible!,-1.0,Negative
279,So basically Season 1...got it!,0.0,Neutral
280,Such a hottie she was.,0.0,Neutral
281,"Nick, the dude who is the driver for the commander in the show resembles the dude from this movie.",0.0,Neutral
282,That synthesizer score sounds horrible,-1.0,Negative
283,Lol,0.8,Positive
284,Elizabeth McGovern!!! My girl!,0.0,Neutral
285,These guys copied the show of the same name that is a Hulu Original,0.1875,Neutral
286,At least the chick who plays Offred in this one doent annoy me at first sight.,-0.024999999999999994,Neutral
287,What??? It was a movie before the Hulu series??? What kind of black magic is this??,0.3111111111111111,Positive
288,I had no idea they had done this.,0.0,Neutral
289,I loved the show now Iâ€™m glad they finally made a movie canâ€™t wait until it comes out.,0.39999999999999997,Positive
290,WOW! I had no idea this was a show before the one we have now.,0.125,Neutral
291,Praise beðŸ™ðŸ¼,0.0,Neutral
292,Wth is this? Had no idea this even existed? I thought the book was only written a few years ago?,-0.1,Neutral
293,Natasha was so beautiful,0.85,Positive
294,Nem parece a mesma histÃ³ria da sÃ©rie,0.0,Neutral
295,The cover is look like porn DVD cover,0.0,Neutral
296,Where can I see the movie,0.0,Neutral
297,What a cast...â¤â¤â¤,0.0,Neutral
298,My mom watches this with my grandma.....:/,0.0,Neutral
299,Ummm ok. We who casted this? It's insane. Amazing,0.03333333333333336,Neutral
300,Natasha richardson... faye  dunaway y Robert duvalll,0.0,Neutral
301,La vi DE  pendejooo. AllÃ¡  x 1993.... y.me habÃ­a  gustadooo,0.0,Neutral
302,This was before its time! The new tv show has had a completely different reaction because we can now see how easy it would be for something like that to happen ..,0.1898989898989899,Neutral
303,This was a great cast! The gal from Downton Abbey is in this! Cool.,0.675,Positive
304,I love how they arenâ€™t allowed their clothes but they get to keep their hairstyles! I,0.625,Positive
305,"Under his eye, Captain Gregson.",0.0,Neutral
306,"I remember reading the book & watching this one as a teenager. Thought the whole concept was creepy but watching the new Hulu series & how they made it so modern, makes the whole concept too creepily real.",0.07272727272727274,Neutral
307,Soundtrack by Ryuichi Sakamoto!,0.0,Neutral
308,ðŸ˜’ðŸ‘Ž,0.0,Neutral
309,les epouses ont l air moins coincÃ©e,0.0,Neutral
310,I didn't realize that the original movie had such a great cast. I'll have to watch it soon.,0.39166666666666666,Positive
311,"Wow, I never knew",0.1,Neutral
312,The threat of a dystopian US future wasn't as imminent back then when there wasn't a complete lunatic as president,0.03333333333333333,Neutral
313,OF COURSE Faye Dunaway!!,0.0,Neutral
314,"Seems this was treated as a romance. The poster reminds me of those romance novel series with subgenres like desire, etc",0.0,Neutral
315,"aunque obviamente la serie es mejor que la pelÃ­cula, el film es en varios aspectos quizÃ¡s mÃ¡s fiel al libro original. Aunque la pelÃ­cula no es una obra maestra, recomiendo su visionado a todos los fans de la serie",0.375,Positive
316,I didnâ€™t even no there was a movie lol,0.8,Positive
317,This looks like an overproduced parody,0.0,Neutral
318,I seen this a long time ago!!! I was trying to figure this movie out!!,-0.152587890625,Neutral
319,Victoria Tennant's performance just makes you appreciate how good Anne Dowd is all the more.,0.6,Positive
320,The preview narration forgot to mention that sterility in Women was also due to excessive ABORTIONS! Funny that they left that one glaring effect out! ðŸ™„ Seeing that the Leftist Liberals love getting and having a right to Abort.,0.07831632653061225,Neutral
321,This looks so messy and half baked,-0.18333333333333335,Neutral
322,Under his eye,0.0,Neutral
323,They should make a prequel for season 4...,0.0,Neutral
324,What???This is the first time I hear of a movie. I wonder if its exactly like the book.,0.25,Positive
325,It looks like Offred is just ok with everything. No one seems bothered. So weird.,0.0,Neutral
326,The trailer is literally a spoiler to the entire first season,0.125,Neutral
327,the 90's were so different from now... let's just say that,0.0,Neutral
328,Robert Duvall? Wow I didnt know this,0.1,Neutral
329,Faye Dunaway is and always will be so gorgeous ðŸ˜²,0.7,Positive
330,"GOD this is bad 
The dvd cover looks like itâ€™s a story about some home wrecker breaking that family in the back apart 
I said itâ€™s a dvd and itâ€™s probably a vhs tape",-0.3499999999999999,Negative
331,I wish Nick in the series would be as hot as Nick in this one.,0.25,Positive
332,whyâ€™s everybody so obsessed with having babies....,-0.5,Negative
333,Looks like a parody.,0.0,Neutral
334,It looks like parody of show,0.0,Neutral
335,Aiden Quinn as Nick. Yea baby,0.0,Neutral
336,As told by Danielle Steel,0.0,Neutral
337,"But it s absurd that less women can have children, and men? Are they all healthy? How is that possible? How is that possible that the whole world is not affected by this this problem? It s quite absurd",-0.06666666666666667,Neutral
338,Shitry movie,0.0,Neutral
339,Handmaid's series brought me here but this trailer sent me away. gods the acting is terrible XD,-0.5,Negative
340,Theres a book too,0.0,Neutral
341,I had no idea this was a movie .,0.0,Neutral
342,Anybody seen the series? How is it compare to the film?,0.0,Neutral
343,honestly just got a whole ass recap of the first season,0.35000000000000003,Positive
344,Alguem assistindo em 2019?,0.0,Neutral
345,0:38 is that Lana del Rey???ðŸ˜‚,0.0,Neutral
346,I would like to know who the women in white are.,0.0,Neutral
347,The movie ain't as terrifying and gut-wrenching as the show. But it was alright. RIP Natasha Richardson.,-1.0,Negative
348,Excellent cast and respectable director.,0.75,Positive
349,The standard of the TV show makes the story unbearable to see (in a good way).... The show is more graphic showing a better narrative,0.33999999999999997,Positive
350,Look better than the series,0.5,Positive
351,Donde puedo ver la pelÃ­cula completa?,0.0,Neutral
352,this movie is no good,-0.35,Negative
353,"Aidan Quinn is in my favorite movie of ALL time!!!!! ""Legends of fall"" with Brad Pitt. Adore them!",1.0,Positive
354,Zzzzzzzzzzzd! The tv series kicks this ass all over the planet lol ðŸ˜what a snoozefest this looks like and I'm from that era but this looks awful... butchered like Ofglen/ Emily's you know what I'm sorry to say ugh!,-0.27499999999999997,Negative
355,"Wow! Such a star-studded cast for what appears to be such a poorly made movie!! No thanks, Iâ€™ll just stick to the series.",-0.12,Neutral
356,Como sÃ³ agora vi isso!!! onde acha pra assistir?,0.0,Neutral
357,The serie is just superb!!!!!,1.0,Positive
358,The Hulu show tries to over sexualise it. In the book Mr. And Mrs Waterford we're both old. Serena had gray hair and walked with a cane. In the show they are both like supermodels.,0.0,Neutral
359,"I love the way they used to tell the entire plot of the movie in the trailer ðŸ˜‚ awesome cast and incredible story, we read the novel and watched the movie in womenâ€™s studies back in 2002 and it was scary then the thought of it possibly being reality. Read the book it is incredible, I promise you. RIP Natasha Richardson ðŸ˜­ you were amazing",0.37777777777777777,Positive
360,"Yes je ne savais pas qu'il y avait eu 1 gilm ou une serie dans les annÃ©es 90,je vais tout faire pour le retrouver. Thank my friends for this trailer",0.0,Neutral
361,Every other person was smoking in 1990 apparently,-0.0375,Neutral
362,Depressing!!! No thank you!,-1.0,Negative
363,The show is 10xâ€™s better,0.5,Positive
364,RIP Natasha,0.0,Neutral
365,"Great movie! I loved it. You are missed, Natasha!! â¤ï¸",1.0,Positive
366,This is so the epitome of a late 80s early 90s dark trailer.,-0.11666666666666665,Neutral
367,I have this on vhs,0.0,Neutral
368,How did I not know about this?!,0.0,Neutral
369,This makes me wonder what else is out there Just waiting to be re done and confuse everyone that yours is the original..,0.375,Positive
370,OMG! I never heard of the book let alone the movie until this year! I must get THIS!,0.0,Neutral
371,Why the fuck they look like cults,-0.4,Negative
372,I love the costume design. Although the visual style is more lighthearted than the Hulu series which is just the bleakest thing Iâ€™ve seen on ðŸ“º,0.3333333333333333,Positive
373,It looks like a spoof from SNL,-0.1,Neutral
374,Thank God for Hulu's rendition. This was over the top cheesey and no where near as terrifying.,-0.13333333333333333,Neutral
375,Y Nick Parker extraÃ±aba mucho a su esposa pero se quedÃ³ a cuidar de sus pelirrojas hijas gemelas.,0.0,Neutral
376,Omg Natasha ðŸ˜­,0.0,Neutral
377,We need to oppress women now,0.0,Neutral
378,This doesn't look nearly as frightening and sinister as the show...,-0.5,Negative
379,"Nossa sÃ³ tem branco nesse filme, preguiÃ§a. Por isso prefiro a sÃ©rie que Ã© mais diversificada!",0.0,Neutral
380,The handmaidâ€™s Tale book and show brought me here,0.0,Neutral
381,Oi?  EntÃ£o Ã© uma recriaÃ§Ã£o do filme?,0.0,Neutral
382,Jajaja es buenÃ­simo,0.0,Neutral
383,The acting seems so bad,-0.3499999999999999,Negative
384,Ostras y esta serie?!? Pensaba que solo estaba la del Cuento de la criada del 2017.,0.0,Neutral
385,"Mds nunca soube desse filme, bizarro ahauahjaiai",0.0,Neutral
386,Estou chocada. Nem sabia q ja tinha uma versÃ£o de THT,0.0,Neutral
387,This trailer is so spoilery lol.,0.8,Positive
388,I had no idea they made a movie before the show.   I want to watch this,0.0,Neutral
389,Is that Robert Duvall?!,0.0,Neutral
390,I need to see this!!,0.0,Neutral
391,hey Nick is the guy from Practical Magic LOL,0.65,Positive
392,How is this compared to the TV series?,0.0,Neutral
393,Iâ€™m here for more of Nick,0.5,Positive
394,The atmosphere looks really dark,-0.15,Neutral
395,Hulu brought me here........ plz Bring me back ðŸ™,0.0,Neutral
396,the handmaid's tale series brought me here,0.0,Neutral
397,This movie misrepresents Christians as fascists religious fanatics,0.0,Neutral
398,I guess I'm the only one who came here for Aidan Quinn.,0.0,Neutral
399,TThis movieee is noow available to waaatÑch heere => https://twitter.com/88acf5f1fa31266bf/status/859589146372788224,0.4,Positive
400,HÐµrÐµ is reÐµÐµeÐ°lly full Ð°nd hd ThÐµ HÐ°ndmÐ°id's Ð¢alÐµ => https://twitter.com/68fab1b8b83407433/status/854514980145709056,0.35,Positive
401,You ÑcccaÐ°n't find this mÐ¾ooviÐµ with beeÐµtter quÐ°lity thaÐ°Ð°n herÐµee => https://twitter.com/68fab1b8b83407433/status/854514980145709056,0.0,Neutral
402,HÐµrÐµÐµÐµÐµ is rÐµallÑƒÑƒÑƒÑƒ full Ð°aÐ°nd hd Ð¢Ð¢hÐµ HÐ°andmÐ°id's Ð¢Ð°lÐµ => https://twitter.com/18cf47322c3d24bca/status/854514980145709056,0.35,Positive
403,"I just watched the 8 hours tv series in one sitting, and now I need more episodes lol. The characters in the tv series looks a lot younger, the commander looks like Adam Levigne, his wife a super model and Offred a party girl.",0.4083333333333333,Positive
404,Lady Grantham aka Elizabeth McGovern!!!!,0.0,Neutral
405,This is thÐµ nicÑÑcÐµist mÐ¾vie i ever seeeÐµe!!! I advise ÐµverÑƒbÐ¾ooodÑƒyÑƒ to wÐ°tch it :) https://twitter.com/5bd3e705fa65bf7f6/status/854514980145709056,0.5,Positive
406,"such emotional faces. what world are they from? today's actors are all like walking talking plastic mannequins with their frozen faces. it's like people were replaced by robots or pods or something in the last 30 years. most important thing they don't get wrinkles though, right?",0.1976190476190476,Neutral
407,all the fancy dresses and gender segregation is exactly like the Nation of Islam has it.,0.25,Positive
408,RIP Natasha. xx,0.0,Neutral
409,"Wake up



Open your eyes

Enough

Thinking


We need only true constant affection


Charmed by

Those courageous, female 


""http://www.themarysue.com/handmaids-tale-lessons-on-resistance/""



Â©...Aronne",0.05833333333333333,Neutral
410,this takes my mind if dirty liar that's so fucken fake the driller will open my mind out to have better choices,-0.15000000000000002,Neutral
